Domain,Status,Attractiveness,Demand,Length,Sectors,Created,Expires,Registrar
one.ceo,resell,132,44%,3,"Business,General,Media,Technology",28/04/2025 08:13,28/04/2026 23:59,"Sav.com, LLC - 47"
second.ceo,available,120,23%,6,"General,Mathematics",,,
flat.ceo,available,116,24%,4,"Construction,Real Estate",,,
equal.ceo,available,116,19%,5,"Education,General,Law",,,
tenth.ceo,available,116,7%,5,Mathematics,,,
tonic.ceo,resell,114,22%,5,"Health and Fitness,Medicine,Science",12/07/2023 23:11,12/07/2026 23:59,Namecheap
hotshot.ceo,available,112,14%,7,"Business,Entertainment,Sports",,,
acute.ceo,available,112,9%,5,"Mathematics,Medicine,Science",,,
zero.ceo,available,112,49%,4,Mathematics,,,
abstract.ceo,available,108,29%,8,"Arts,Humanities,Science",,,
abiding.ceo,available,106,5%,7,"General,Religion",,,
teen.ceo,available,104,14%,4,"Education,Entertainment,Healthcare",,,
active.ceo,available,104,27%,6,"Health and Fitness,Sports,Travel",,,
expert.ceo,available,104,26%,6,"Business,Education,Technology",,,
extra.ceo,available,102,26%,5,"Fashion,Retail,Technology",,,
captive.ceo,available,102,14%,7,"Entertainment,Hospitality,Technology",,,
absent.ceo,available,102,8%,6,"Business,Education,Technology",,,
ninth.ceo,available,100,9%,5,Mathematics,,,
crack.ceo,available,100,20%,5,Sports,,,
whiz.ceo,available,100,12%,4,"Business,Education,Technology",,,
eighth.ceo,available,100,6%,6,Mathematics,,,
third.ceo,available,100,16%,5,Mathematics,,,
sixth.ceo,available,100,8%,5,Mathematics,,,
abrupt.ceo,available,100,3%,6,"Medicine,Science",,,
adjunct.ceo,available,100,5%,7,Education,,,
remove.ceo,available,100,13%,6,"Construction,Manufacturing,Technology",,,
whizz.ceo,available,98,11%,5,"Business,Education,Technology",,,
actual.ceo,available,96,22%,6,"Real Estate,Retail,Technology",,,
academic.ceo,available,96,20%,8,"Education,Humanities,Science",,,
alamode.ceo,available,96,12%,9,Fashion,,,
forgiving.ceo,available,96,3%,9,"Healthcare,Religion",,,
doable.ceo,available,96,9%,6,"Business,Education,Technology",,,
virtuoso.ceo,available,94,16%,8,"Arts,Entertainment",,,
adequate.ceo,available,94,9%,8,"Education,Healthcare,Technology",,,
around.ceo,available,94,22%,6,"Business,General,Media,Technology",,,
abject.ceo,available,94,7%,6,Humanities,,,
abroad.ceo,available,92,12%,6,"Hospitality,Travel",,,
derelict.ceo,available,92,7%,8,"Construction,Real Estate",,,
adept.ceo,available,92,24%,5,"Education,Health and Fitness,Sports",,,
nought.ceo,available,92,4%,6,Mathematics,,,
adjective.ceo,available,92,5%,9,Education,,,
exemplary.ceo,available,92,5%,9,"Business,Education,Healthcare",,,
neutral.ceo,available,92,20%,7,"Business,Media,Politics",,,
twentieth.ceo,available,92,3%,9,Mathematics,,,
adoring.ceo,available,90,2%,7,"Entertainment,Fashion,Retail",,,
abortive.ceo,available,90,1%,8,"Medicine,Science",,,
additional.ceo,available,90,8%,10,"Fashion,Retail,Technology",,,
gripping.ceo,available,90,3%,8,"Entertainment,Media,Technology",,,
riveting.ceo,available,90,6%,8,"Entertainment,Media,Technology",,,
addictive.ceo,available,90,9%,9,Healthcare,,,
leash.ceo,available,90,7%,5,"General,Health and Fitness,Retail",,,
endearing.ceo,available,90,1%,9,"Entertainment,Fashion,Retail",,,
actionable.ceo,available,88,13%,10,"Business,Law",,,
sixteen.ceo,available,88,11%,7,Mathematics,,,
activist.ceo,available,88,12%,8,"Humanities,Politics",,,
ten.ceo,available,88,28%,3,"General,Mathematics",,,
adlib.ceo,available,88,7%,6,Entertainment,,,
hundred.ceo,available,88,14%,7,Mathematics,,,
proficient.ceo,available,88,8%,10,"Education,Health and Fitness,Sports",,,
three.ceo,available,88,24%,5,Mathematics,,,
twelve.ceo,available,88,18%,6,"General,Mathematics",,,
eleven.ceo,available,88,33%,6,Mathematics,,,
fifteen.ceo,available,88,13%,7,Mathematics,,,
ace.ceo,available,88,34%,3,Sports,,,
wide.ceo,available,88,18%,4,"Business,Media,Technology",,,
adolescent.ceo,available,86,3%,10,"Education,Entertainment,Healthcare",,,
star.ceo,available,86,40%,4,"Entertainment,Media,Sports",,,
xix.ceo,available,86,11%,3,Mathematics,,,
extempore.ceo,available,86,3%,9,Entertainment,,,
intent.ceo,available,86,25%,6,"Business,Education,Technology",,,
xiv.ceo,available,86,12%,3,Mathematics,,,
aboriginal.ceo,available,86,10%,10,Humanities,,,
recondite.ceo,available,86,4%,9,"Arts,Humanities,Science",,,
engrossing.ceo,available,86,0%,10,"Entertainment,Media,Technology",,,
cipher.ceo,available,86,29%,6,Mathematics,,,
attendant.ceo,available,86,5%,9,"Healthcare,Hospitality,Transportation",,,
adjustable.ceo,available,84,3%,10,"Manufacturing,Retail,Technology",,,
thousand.ceo,available,84,8%,8,Mathematics,,,
fourteen.ceo,available,84,8%,8,Mathematics,,,
accessory.ceo,available,84,8%,9,"Fashion,Retail,Technology",,,
thirteen.ceo,available,84,10%,8,Mathematics,,,
nineteen.ceo,available,84,8%,8,Mathematics,,,
grand.ceo,available,84,25%,5,"Finance,General",,,
twentyone.ceo,available,84,13%,10,Mathematics,,,
deviate.ceo,available,84,12%,7,"Medicine,Science",,,
twentytwo.ceo,available,84,11%,10,Mathematics,,,
seventeen.ceo,available,84,7%,9,Mathematics,,,
sharp.ceo,available,84,34%,5,"Arts,Fashion",,,
impromptu.ceo,available,82,16%,9,Entertainment,,,
abkhaz.ceo,available,82,1%,6,Geography,,,
dozen.ceo,available,82,10%,5,Mathematics,,,
abenaki.ceo,available,82,2%,7,Geography,,,
decade.ceo,available,82,10%,6,Mathematics,,,
absorbent.ceo,available,82,3%,9,"Healthcare,Manufacturing,Retail",,,
altered.ceo,available,82,9%,7,"Medicine,Science",,,
abdominal.ceo,available,82,1%,9,"Health and Fitness,Medicine",,,
enduring.ceo,available,82,9%,8,"Health and Fitness,Religion",,,
abroach.ceo,available,82,1%,7,Food and Beverage,,,
cleansing.ceo,available,82,3%,9,Health and Fitness,,,
fivesome.ceo,available,82,1%,8,Sports,,,
dorsal.ceo,available,80,6%,6,"Medicine,Science",,,
forty.ceo,available,80,9%,5,Mathematics,,,
worshipful.ceo,available,80,1%,10,"Education,Healthcare,Religion",,,
able.ceo,available,80,29%,4,"Business,Education,General,Technology",,,
sequent.ceo,available,80,7%,7,"Healthcare,Insurance,Transportation",,,
first.ceo,available,80,36%,5,"General,Mathematics",,,
some.ceo,available,80,32%,4,"Business,Media,Retail",,,
absorbable.ceo,available,80,0%,10,"Healthcare,Pharmaceuticals,Science",,,
absolute.ceo,available,80,25%,8,"Engineering,Mathematics,Science",,,
capable.ceo,available,80,12%,7,"Business,Education,Technology",,,
nine.ceo,available,80,24%,4,"General,Mathematics",,,
twenty.ceo,available,80,12%,6,Mathematics,,,
seventh.ceo,available,80,10%,7,Mathematics,,,
yard.ceo,available,80,26%,4,"Construction,General",,,
two.ceo,available,80,24%,3,Mathematics,,,
trio.ceo,available,80,21%,4,Entertainment,,,
absurd.ceo,available,80,16%,6,"Arts,Entertainment,Media",,,
adoptable.ceo,available,80,3%,9,"Education,Healthcare",,,
superstar.ceo,available,80,18%,9,Entertainment,,,
recognized.ceo,available,78,3%,10,"Business,Education,Technology",,,
absorptive.ceo,available,78,1%,10,"Healthcare,Manufacturing,Retail",,,
accepted.ceo,available,78,6%,8,"Business,Education,Technology",,,
abkhasian.ceo,available,78,1%,9,Geography,,,
acceptant.ceo,available,78,1%,9,"Education,Healthcare",,,
accurate.ceo,available,78,16%,8,"Engineering,Mathematics,Science",,,
athletic.ceo,available,78,15%,8,"Health and Fitness,Sports",,,
abkhazian.ceo,available,78,1%,9,Geography,,,
sixtynine.ceo,available,78,8%,10,Mathematics,,,
dormant.ceo,available,78,4%,7,"Medicine,Science",,,
recognised.ceo,available,78,3%,10,"Business,Education,Technology",,,
abounding.ceo,available,78,2%,9,Agriculture,,,
adrenal.ceo,available,78,4%,7,"Education,Healthcare,Science",,,
twentysix.ceo,available,78,8%,10,Mathematics,,,
acceptable.ceo,available,78,5%,10,"Business,Hospitality,Retail",,,
adjacent.ceo,available,78,9%,8,"Construction,Real Estate,Retail",,,
honestly.ceo,available,78,9%,8,"Business,Law",,,
low.ceo,available,78,20%,3,"Business,Finance",,,
accessible.ceo,available,78,21%,10,"Healthcare,Retail,Technology",,,
adorable.ceo,available,78,8%,8,"Entertainment,Fashion,Retail",,,
firstrate.ceo,available,76,6%,10,Business,,,
diamond.ceo,available,76,32%,7,Fashion,,,
fifteenth.ceo,available,76,2%,9,Mathematics,,,
ague.ceo,available,76,2%,4,"Geography,Medicine,Science",,,
incidental.ceo,available,76,4%,10,"Healthcare,Insurance,Transportation",,,
adipose.ceo,available,76,2%,7,"Healthcare,Science",,,
hundredth.ceo,available,76,1%,9,Mathematics,,,
energizing.ceo,available,76,3%,10,"Food and Beverage,Health and Fitness,Travel",,,
improvise.ceo,available,76,4%,9,Entertainment,,,
adhesive.ceo,expired,76,7%,8,"Construction,Manufacturing,Technology",01/07/2024 20:40,01/07/2025 23:59,Namecheap
abrasive.ceo,available,76,6%,8,"Construction,Manufacturing",,,
adaptive.ceo,available,76,28%,8,"Business,Education,Technology",,,
eighteen.ceo,available,76,7%,8,Mathematics,,,
addable.ceo,available,76,2%,7,"Engineering,Mathematics,Science",,,
nineteenth.ceo,available,76,3%,10,Mathematics,,,
resultant.ceo,available,76,2%,9,"Healthcare,Insurance,Transportation",,,
obscene.ceo,available,76,5%,7,"Entertainment,Media",,,
acoustic.ceo,available,76,14%,8,Science,,,
adaptable.ceo,available,76,9%,9,"Business,Education,Technology",,,
fourteenth.ceo,available,76,1%,10,Mathematics,,,
auxiliary.ceo,available,76,7%,9,"Healthcare,Manufacturing,Technology",,,
threed.ceo,available,76,7%,7,Technology,,,
thousandth.ceo,available,76,1%,10,Mathematics,,,
ventral.ceo,available,76,3%,7,Science,,,
adherent.ceo,available,76,4%,8,"Politics,Religion",,,
ancillary.ceo,available,76,6%,9,"Healthcare,Manufacturing,Technology",,,
thirteenth.ceo,available,76,4%,10,Mathematics,,,
adamant.ceo,available,74,14%,7,Religion,,,
playing.ceo,available,74,12%,7,Entertainment,,,
realizable.ceo,available,74,1%,10,"Business,Education,Technology",,,
broad.ceo,available,74,13%,5,"Entertainment,General,Media",,,
achievable.ceo,available,74,4%,10,"Business,Education,Technology",,,
aberrant.ceo,available,74,6%,8,"Medicine,Science",,,
single.ceo,available,74,19%,6,Sports,,,
cleared.ceo,available,74,7%,7,"Healthcare,Law,Transportation",,,
adenoid.ceo,available,74,1%,7,"Health and Fitness,Medicine,Science",,,
activated.ceo,available,74,9%,9,"Healthcare,Manufacturing,Technology",,,
adrenergic.ceo,available,74,1%,10,"Education,Healthcare,Science",,,
adapted.ceo,available,74,6%,7,"Healthcare,Manufacturing,Technology",,,
admirable.ceo,available,74,5%,9,"Business,Education,Healthcare",,,
accepting.ceo,available,74,3%,9,"Education,Healthcare",,,
manageable.ceo,available,74,4%,10,"Business,Education,Technology",,,
skilful.ceo,available,74,3%,7,"Education,Health and Fitness,Sports",,,
sensation.ceo,available,74,7%,9,"Entertainment,Media,Sports",,,
supra.ceo,available,74,25%,5,"Medicine,Science",,,
abnormal.ceo,available,74,16%,8,"Medicine,Science",,,
acuate.ceo,available,74,2%,6,"Engineering,Medicine,Science",,,
mavin.ceo,available,74,7%,5,"Entertainment,Fashion,Technology",,,
ablaze.ceo,available,72,6%,6,Entertainment,,,
adjectival.ceo,available,72,1%,10,Education,,,
adiabatic.ceo,available,72,3%,9,"Engineering,Science",,,
accusative.ceo,available,72,0%,10,"Humanities,Law",,,
trey.ceo,available,72,14%,4,Sports,,,
adaptative.ceo,available,72,1%,10,"Business,Education,Technology",,,
adonic.ceo,available,72,2%,6,"Arts,Education,Entertainment",,,
champion.ceo,resell,72,28%,8,"Entertainment,Health and Fitness,Sports",30/11/2022 23:06,30/11/2025 23:59,"Go Daddy, LLC"
liv.ceo,available,72,27%,3,Mathematics,,,
aching.ceo,available,72,4%,6,Healthcare,,,
engrossed.ceo,available,72,1%,9,"Entertainment,Media,Technology",,,
addicted.ceo,available,72,9%,8,Healthcare,,,
abloom.ceo,available,72,5%,6,Agriculture,,,
deep.ceo,resell,72,41%,4,"Engineering,Mathematics,Science",03/02/2025 07:31,03/02/2026 23:59,Dynadot LLC
existent.ceo,available,72,3%,8,"Mathematics,Science",,,
seventieth.ceo,available,72,1%,10,Mathematics,,,
eightieth.ceo,available,72,1%,9,Mathematics,,,
accustomed.ceo,available,72,1%,10,"Business,Education,Humanities",,,
adjunctive.ceo,available,72,1%,10,"Healthcare,Manufacturing,Technology",,,
sixtieth.ceo,available,72,1%,8,Mathematics,,,
absolutist.ceo,available,72,1%,10,"Humanities,Law,Politics",,,
lovely.ceo,available,72,26%,6,"Entertainment,Fashion,Retail",,,
improvize.ceo,available,72,1%,9,Entertainment,,,
ninetieth.ceo,available,72,1%,9,Mathematics,,,
ternary.ceo,available,72,7%,7,Mathematics,,,
absorbed.ceo,available,72,2%,8,"Entertainment,Media,Technology",,,
abreast.ceo,available,72,2%,7,"Business,Technology",,,
adjusted.ceo,available,70,5%,8,"Manufacturing,Retail,Technology",,,
abulic.ceo,available,70,1%,6,Medicine,,,
recumbent.ceo,available,70,2%,9,"Healthcare,Medicine,Science",,,
acuminate.ceo,available,70,1%,9,"Engineering,Medicine,Science",,,
practiced.ceo,available,70,3%,9,"Education,Health and Fitness,Sports",,,
abradant.ceo,available,70,1%,8,"Construction,Manufacturing",,,
consequent.ceo,available,70,3%,10,"Business,Education,General,Technology",,,
stillborn.ceo,available,70,2%,9,"Medicine,Science",,,
lowdown.ceo,available,70,6%,8,"Entertainment,Media",,,
adored.ceo,available,70,6%,6,"Entertainment,Fashion,Retail",,,
accumbent.ceo,available,70,1%,9,"Healthcare,Medicine,Science",,,
gymnastic.ceo,available,70,3%,9,"Entertainment,Sports",,,
offhand.ceo,available,70,2%,7,Entertainment,,,
absorbing.ceo,available,70,3%,9,"Entertainment,Media,Technology",,,
admired.ceo,available,70,5%,7,"Business,Education,Healthcare",,,
skillful.ceo,available,70,9%,8,"Education,Health and Fitness,Sports",,,
miserable.ceo,available,70,4%,9,Humanities,,,
tiptop.ceo,available,70,24%,6,Fashion,,,
adamantine.ceo,available,70,4%,10,Religion,,,
unity.ceo,available,70,40%,5,Mathematics,,,
disciple.ceo,available,68,14%,8,"Education,Religion",,,
abkhas.ceo,available,68,0%,6,Geography,,,
achaean.ceo,available,68,2%,7,Humanities,,,
licensed.ceo,available,68,5%,8,"Business,Healthcare,Insurance",,,
ablative.ceo,available,68,3%,8,Science,,,
aroused.ceo,available,68,3%,7,"Entertainment,Health and Fitness",,,
threesome.ceo,available,68,5%,9,Entertainment,,,
scurvy.ceo,available,68,3%,6,Humanities,,,
abducent.ceo,available,68,0%,8,Medicine,,,
accredited.ceo,available,68,9%,10,"Business,Education,Healthcare",,,
fortieth.ceo,available,68,0%,8,Mathematics,,,
activating.ceo,available,68,3%,10,"Healthcare,Manufacturing,Technology",,,
aculeate.ceo,available,68,1%,8,"Engineering,Medicine,Science",,,
ennead.ceo,available,68,5%,6,Mathematics,,,
licenced.ceo,available,68,2%,8,"Business,Healthcare,Insurance",,,
vindicated.ceo,available,68,2%,10,"Humanities,Law,Politics",,,
decorated.ceo,available,68,3%,9,"Entertainment,Fashion,Retail",,,
fiftieth.ceo,available,68,0%,8,Mathematics,,,
thirtieth.ceo,available,68,1%,9,Mathematics,,,
septenary.ceo,available,68,1%,9,Mathematics,,,
abnaki.ceo,available,68,1%,6,Geography,,,
sevener.ceo,available,68,1%,7,Mathematics,,,
acerate.ceo,available,68,1%,7,Science,,,
foursome.ceo,available,68,4%,8,Sports,,,
ane.ceo,available,68,12%,3,Mathematics,,,
stygian.ceo,available,68,5%,7,Humanities,,,
overseas.ceo,available,68,12%,8,"Hospitality,Travel",,,
aberdonian.ceo,available,68,1%,10,Geography,,,
octonary.ceo,available,68,1%,8,Mathematics,,,
achaian.ceo,available,68,2%,7,Humanities,,,
acervate.ceo,available,66,1%,8,Science,,,
sextet.ceo,available,66,1%,6,Entertainment,,,
five.ceo,available,66,26%,4,Mathematics,,,
exonerated.ceo,available,66,2%,10,"Humanities,Law,Politics",,,
abstinent.ceo,available,66,1%,9,"Health and Fitness,Religion",,,
maven.ceo,available,66,30%,5,"Entertainment,Fashion,Technology",,,
acrobatic.ceo,available,66,4%,9,"Entertainment,Sports",,,
latest.ceo,available,66,18%,6,Technology,,,
xxv.ceo,available,66,6%,3,Mathematics,,,
buzzing.ceo,available,66,7%,7,"Entertainment,Media,Technology",,,
clv.ceo,available,66,10%,3,Mathematics,,,
acappella.ceo,available,66,6%,10,Entertainment,,,
modish.ceo,available,66,5%,6,Fashion,,,
fifty.ceo,available,66,12%,5,Mathematics,,,
xxi.ceo,available,66,10%,3,Mathematics,,,
xxvi.ceo,available,66,3%,4,Mathematics,,,
xiii.ceo,available,66,9%,4,Mathematics,,,
according.ceo,available,66,3%,9,"Business,Education,Technology",,,
adopted.ceo,available,66,4%,7,"Education,Healthcare",,,
tenner.ceo,available,66,5%,6,Finance,,,
xviii.ceo,available,66,5%,5,Mathematics,,,
teenager.ceo,available,66,4%,8,"Education,Entertainment,Healthcare",,,
deuce.ceo,available,66,9%,5,Sports,,,
thirty.ceo,available,66,8%,6,Mathematics,,,
xii.ceo,available,66,10%,3,Mathematics,,,
ninety.ceo,available,66,11%,6,Mathematics,,,
xvi.ceo,available,66,5%,3,Mathematics,,,
accessary.ceo,available,66,1%,9,"Business,Law,Technology",,,
xxii.ceo,available,66,6%,4,Mathematics,,,
adorned.ceo,available,66,5%,7,"Entertainment,Fashion,Retail",,,
century.ceo,available,66,17%,7,Education,,,
onec.ceo,available,66,6%,5,Mathematics,,,
xvii.ceo,available,66,5%,4,Mathematics,,,
performing.ceo,available,66,6%,10,Entertainment,,,
eighty.ceo,available,66,6%,6,Mathematics,,,
four.ceo,available,66,27%,4,Mathematics,,,
adagio.ceo,available,64,14%,6,Entertainment,,,
nondrinker.ceo,available,64,1%,10,"Health and Fitness,Religion",,,
accordant.ceo,available,64,3%,9,"Arts,Entertainment",,,
aflame.ceo,available,64,3%,6,Entertainment,,,
absolved.ceo,available,64,1%,8,"Humanities,Law,Religion",,,
astringent.ceo,available,64,1%,10,"Healthcare,Pharmaceuticals",,,
acentric.ceo,available,64,2%,8,Science,,,
ccc.ceo,available,64,38%,3,Mathematics,,,
rising.ceo,available,64,18%,6,"Construction,Manufacturing,Real Estate",,,
deviant.ceo,available,64,12%,7,"Medicine,Science",,,
scatty.ceo,available,64,1%,6,"Arts,Entertainment,Media",,,
admissible.ceo,available,62,1%,10,"Education,Healthcare,Law",,,
exculpated.ceo,available,62,1%,10,"Humanities,Law,Politics",,,
chiliad.ceo,available,62,2%,7,Mathematics,,,
accrued.ceo,available,62,2%,7,"Banking,Finance,Insurance",,,
pungent.ceo,available,62,1%,7,Food and Beverage,,,
aufait.ceo,available,62,3%,7,"Fashion,Media",,,
orso.ceo,available,62,9%,5,"Business,Media,Technology",,,
adoptive.ceo,available,62,1%,8,"Education,Healthcare",,,
roughly.ceo,available,62,3%,7,"Business,Media,Technology",,,
cumulative.ceo,available,62,2%,10,"Banking,Finance,Insurance",,,
adjuvant.ceo,available,62,5%,8,"Healthcare,Manufacturing,Technology",,,
eleventh.ceo,available,62,5%,8,Mathematics,,,
twodozen.ceo,available,62,1%,9,Mathematics,,,
activistic.ceo,available,62,1%,10,"Humanities,Politics",,,
accusing.ceo,available,62,1%,8,Law,,,
aborigine.ceo,available,62,1%,9,Humanities,,,
quartet.ceo,available,62,7%,7,"Arts,Entertainment",,,
eighteenth.ceo,available,62,1%,10,Mathematics,,,
acidic.ceo,available,62,5%,6,"Food and Beverage,Science",,,
sixteenth.ceo,available,62,1%,9,Mathematics,,,
activation.ceo,available,62,16%,10,"Healthcare,Manufacturing,Technology",,,
nail.ceo,available,62,16%,4,"Construction,Fashion,General,Retail",,,
troika.ceo,available,62,8%,6,Politics,,,
ensuant.ceo,available,62,1%,7,"Healthcare,Insurance,Transportation",,,
playacting.ceo,available,62,1%,10,Entertainment,,,
wrapped.ceo,available,62,13%,7,"Fashion,Hospitality,Retail",,,
fortyfour.ceo,available,62,6%,10,Mathematics,,,
abo.ceo,available,62,15%,3,Science,,,
longdozen.ceo,available,62,2%,10,Mathematics,,,
cxxx.ceo,available,60,4%,4,Mathematics,,,
eightysix.ceo,available,60,7%,10,Mathematics,,,
idolised.ceo,available,60,1%,8,"Entertainment,Fashion,Retail",,,
clx.ceo,available,60,10%,3,Mathematics,,,
abashed.ceo,available,60,1%,7,Humanities,,,
thou.ceo,available,60,7%,4,Mathematics,,,
clxxx.ceo,available,60,1%,5,Mathematics,,,
sixty.ceo,available,60,13%,5,Mathematics,,,
cxlv.ceo,available,60,2%,4,Mathematics,,,
clxx.ceo,available,60,3%,4,Mathematics,,,
xcl.ceo,available,60,5%,3,Mathematics,,,
abstemious.ceo,available,60,0%,10,"Food and Beverage,Health and Fitness,Hospitality",,,
acceptive.ceo,available,60,1%,9,"Education,Healthcare",,,
cxxxv.ceo,available,60,2%,5,Mathematics,,,
adnexal.ceo,available,60,1%,7,"Agriculture,Manufacturing,Retail",,,
cxxv.ceo,available,60,1%,4,Mathematics,,,
clxv.ceo,available,60,1%,4,Mathematics,,,
octet.ceo,available,60,12%,5,Arts,,,
aboveboard.ceo,available,60,5%,10,"Business,Law",,,
paunchy.ceo,available,60,0%,7,"Health and Fitness,Medicine",,,
abstainer.ceo,available,60,0%,9,"Health and Fitness,Religion",,,
clxxv.ceo,available,60,1%,5,Mathematics,,,
annexal.ceo,available,60,1%,7,"Agriculture,Manufacturing,Retail",,,
cautionary.ceo,available,60,1%,10,"Business,Education,Healthcare",,,
tertiary.ceo,available,60,4%,8,Education,,,
cxx.ceo,available,60,10%,3,Mathematics,,,
idolized.ceo,available,60,3%,8,"Entertainment,Fashion,Retail",,,
cxv.ceo,available,60,4%,3,Mathematics,,,
cxl.ceo,available,60,7%,3,Mathematics,,,
adnate.ceo,available,60,1%,6,"Agriculture,Manufacturing,Retail",,,
tercet.ceo,available,59,2%,6,"Arts,Entertainment,Media",,,
justabout.ceo,available,58,3%,10,"Business,Media,Technology",,,
sixtyone.ceo,available,58,3%,9,Mathematics,,,
adient.ceo,available,58,4%,6,"Medicine,Science",,,
eighter.ceo,available,58,2%,7,Mathematics,,,
addressed.ceo,available,58,3%,9,"Business,Technology,Telecommunications",,,
fourscore.ceo,available,58,4%,9,Mathematics,,,
pentad.ceo,available,58,2%,6,Mathematics,,,
super.ceo,available,58,47%,5,Business,,,
cypher.ceo,expired,58,29%,6,Mathematics,20/06/2023 15:31,20/06/2025 23:59,Cronon GmbH
quintet.ceo,available,58,8%,7,"Arts,Entertainment",,,
centesimal.ceo,available,58,1%,10,Mathematics,,,
addible.ceo,available,58,2%,7,"Engineering,Mathematics,Science",,,
accented.ceo,available,58,3%,8,"Arts,Entertainment",,,
octad.ceo,available,58,5%,5,Mathematics,,,
lxxviii.ceo,available,58,1%,7,Mathematics,,,
lxxx.ceo,available,58,2%,4,Mathematics,,,
abandoned.ceo,available,58,10%,9,"Construction,Real Estate",,,
acyclic.ceo,available,58,4%,7,"Engineering,Mathematics,Science",,,
closeto.ceo,available,58,3%,8,"Business,Media,Technology",,,
fourth.ceo,available,58,13%,6,Mathematics,,,
acetic.ceo,available,58,1%,6,"Food and Beverage,Science",,,
abridged.ceo,available,58,4%,8,Media,,,
adjustive.ceo,available,58,1%,9,"Manufacturing,Retail,Technology",,,
accoutred.ceo,available,58,1%,9,"Fashion,Manufacturing,Retail",,,
alacarte.ceo,available,58,11%,10,Food and Beverage,,,
tetrad.ceo,available,58,5%,6,Mathematics,,,
niner.ceo,available,58,5%,5,Mathematics,,,
linear.ceo,available,58,22%,6,"Engineering,Mathematics,Science",,,
ache.ceo,available,58,7%,4,Healthcare,,,
offhanded.ceo,available,58,1%,9,Entertainment,,,
accretive.ceo,available,58,6%,9,"Banking,Finance,Insurance",,,
abused.ceo,available,58,5%,6,"Healthcare,Law",,,
enwrapped.ceo,available,58,0%,9,"Entertainment,Fashion,Media",,,
seventy.ceo,available,58,7%,7,Mathematics,,,
actuarial.ceo,available,58,8%,9,"Finance,Insurance,Mathematics",,,
aucourant.ceo,available,58,3%,10,"Fashion,Media",,,
seven.ceo,available,58,36%,5,Mathematics,,,
fifth.ceo,available,58,12%,5,Mathematics,,,
sextuplet.ceo,available,58,1%,9,Healthcare,,,
twelfth.ceo,available,58,2%,7,Mathematics,,,
sixer.ceo,available,58,5%,5,Sports,,,
abuzz.ceo,available,58,5%,5,"Entertainment,Media,Technology",,,
heptad.ceo,available,58,1%,6,Mathematics,,,
hexad.ceo,available,58,4%,5,Mathematics,,,
adhoc.ceo,available,58,24%,6,"Business,Engineering,Technology",,,
maledict.ceo,available,56,1%,8,Religion,,,
xxvii.ceo,available,56,3%,5,Mathematics,,,
halfdozen.ceo,available,56,1%,10,Mathematics,,,
ilx.ceo,available,56,5%,3,Mathematics,,,
fortysix.ceo,available,56,3%,9,Mathematics,,,
lviii.ceo,available,56,1%,5,Mathematics,,,
accoutered.ceo,available,56,0%,10,"Fashion,Manufacturing,Retail",,,
abdominous.ceo,available,56,0%,10,"Health and Fitness,Medicine",,,
triad.ceo,available,56,15%,5,Arts,,,
xliii.ceo,available,56,1%,5,Mathematics,,,
fiftynine.ceo,available,56,4%,10,Mathematics,,,
xlv.ceo,available,56,6%,3,Mathematics,,,
xxiii.ceo,available,56,5%,5,Mathematics,,,
xxxv.ceo,available,56,4%,4,Mathematics,,,
xxxvi.ceo,available,56,1%,5,Mathematics,,,
thirtysix.ceo,available,56,5%,10,Mathematics,,,
fiftyfour.ceo,available,56,3%,10,Mathematics,,,
thirtyone.ceo,available,56,5%,10,Mathematics,,,
fortynine.ceo,available,56,3%,10,Mathematics,,,
admittible.ceo,available,56,1%,10,"Education,Healthcare,Hospitality",,,
lvi.ceo,available,56,8%,3,Mathematics,,,
xxxii.ceo,available,56,1%,5,Mathematics,,,
xxxviii.ceo,available,56,1%,7,Mathematics,,,
xxxi.ceo,available,56,9%,4,Mathematics,,,
addled.ceo,available,56,2%,6,Entertainment,,,
admittable.ceo,available,56,1%,10,"Education,Healthcare,Hospitality",,,
terzetto.ceo,available,56,3%,8,Arts,,,
xli.ceo,available,56,5%,3,Mathematics,,,
appressed.ceo,available,56,0%,9,"Agriculture,Manufacturing,Retail",,,
xlvi.ceo,available,56,3%,4,Mathematics,,,
xliv.ceo,available,56,2%,4,Mathematics,,,
lvii.ceo,available,56,1%,4,Mathematics,,,
admissive.ceo,available,56,1%,9,"Education,Healthcare,Hospitality",,,
xxxvii.ceo,available,56,2%,6,Mathematics,,,
xxiv.ceo,available,56,5%,4,Mathematics,,,
fortytwo.ceo,available,56,17%,9,Mathematics,,,
xxxiii.ceo,available,56,2%,6,Mathematics,,,
fiftyfive.ceo,available,56,7%,10,Mathematics,,,
xxxiv.ceo,available,56,1%,5,Mathematics,,,
lii.ceo,available,56,7%,3,Mathematics,,,
fortyone.ceo,available,56,4%,9,Mathematics,,,
fiftyone.ceo,available,56,7%,9,Mathematics,,,
fiftysix.ceo,available,56,4%,9,Mathematics,,,
xlviii.ceo,available,56,1%,6,Mathematics,,,
aone.ceo,available,56,15%,5,Food and Beverage,,,
thirtytwo.ceo,available,56,5%,10,Mathematics,,,
xxix.ceo,available,56,4%,4,Mathematics,,,
fiftytwo.ceo,available,56,6%,9,Mathematics,,,
liii.ceo,available,56,4%,4,Mathematics,,,
potbellied.ceo,available,56,0%,10,"Health and Fitness,Medicine",,,
abeyant.ceo,available,56,1%,7,"Business,Law",,,
xlvii.ceo,available,56,2%,5,Mathematics,,,
xxviii.ceo,available,56,1%,6,Mathematics,,,
xlii.ceo,available,56,5%,4,Mathematics,,,
deuceace.ceo,available,54,2%,9,Sports,,,
twoscore.ceo,available,54,2%,8,Mathematics,,,
iii.ceo,available,54,24%,3,Mathematics,,,
achy.ceo,available,54,3%,4,Healthcare,,,
adpressed.ceo,available,54,0%,9,"Agriculture,Manufacturing,Retail",,,
vii.ceo,available,54,13%,3,Mathematics,,,
aboral.ceo,available,54,2%,6,Science,,,
adaxial.ceo,available,54,2%,7,Science,,,
admonitory.ceo,available,54,0%,10,"Business,Education,Healthcare",,,
accentual.ceo,available,54,3%,9,"Arts,Entertainment",,,
quadruplet.ceo,available,54,1%,10,"Healthcare,Medicine,Science",,,
deserted.ceo,available,54,3%,8,"Hospitality,Real Estate",,,
viii.ceo,available,54,6%,4,Mathematics,,,
unnatural.ceo,available,54,4%,9,"Medicine,Science",,,
sise.ceo,available,54,5%,4,Mathematics,,,
scratchy.ceo,available,54,3%,8,Fashion,,,
ternion.ceo,available,54,3%,7,Mathematics,,,
acoustical.ceo,available,54,4%,10,Science,,,
abient.ceo,available,54,1%,6,Science,,,
abhorrent.ceo,available,54,1%,9,Humanities,,,
threescore.ceo,available,54,1%,10,Mathematics,,,
accursed.ceo,available,54,3%,8,"Entertainment,Media,Religion",,,
abatic.ceo,available,54,1%,6,Science,,,
monitory.ceo,available,54,3%,8,"Business,Education,Healthcare",,,
abatable.ceo,available,54,1%,8,Law,,,
quaternity.ceo,available,54,4%,10,Mathematics,,,
achromatic.ceo,available,54,4%,10,Science,,,
topnotch.ceo,available,54,18%,8,Business,,,
adductive.ceo,available,54,0%,9,"Engineering,Mathematics,Science",,,
adjuratory.ceo,available,54,0%,10,"Law,Politics,Religion",,,
adducent.ceo,available,54,1%,8,"Engineering,Mathematics,Science",,,
fortyfive.ceo,available,54,4%,10,Mathematics,,,
quatern.ceo,available,54,2%,7,Mathematics,,,
adducting.ceo,available,54,1%,9,"Engineering,Mathematics,Science",,,
abasic.ceo,available,54,1%,6,Science,,,
abaxial.ceo,available,54,1%,7,Science,,,
quaternion.ceo,available,54,6%,10,Mathematics,,,
quintuplet.ceo,available,54,1%,10,"Healthcare,Medicine,Science",,,
actuated.ceo,available,54,2%,8,"Automotive,Manufacturing,Technology",,,
abducens.ceo,available,54,1%,8,Medicine,,,
septet.ceo,available,53,1%,6,General,,,
sestet.ceo,available,53,1%,6,Arts,,,
xxx.ceo,available,53,30%,3,"Arts,Entertainment,Media",,,
xciii.ceo,available,52,1%,5,Mathematics,,,
littlejoe.ceo,available,52,2%,10,"Entertainment,Media",,,
sixtytwo.ceo,available,52,3%,9,Mathematics,,,
abominable.ceo,available,52,2%,10,"Entertainment,Humanities",,,
xcii.ceo,available,52,2%,4,Mathematics,,,
lxxxiii.ceo,available,52,1%,7,Mathematics,,,
lxv.ceo,available,52,5%,3,Mathematics,,,
lxxvii.ceo,available,52,2%,6,Mathematics,,,
lxxxiv.ceo,available,52,1%,6,Mathematics,,,
xci.ceo,available,52,4%,3,Mathematics,,,
lxxvi.ceo,available,52,1%,5,Mathematics,,,
lxxii.ceo,available,52,1%,5,Mathematics,,,
uphill.ceo,available,52,7%,6,"Sports,Transportation,Travel",,,
eightyone.ceo,available,52,3%,10,Mathematics,,,
odious.ceo,available,52,2%,6,"Entertainment,Humanities",,,
eightytwo.ceo,available,52,4%,10,Mathematics,,,
lxiv.ceo,available,52,3%,4,Mathematics,,,
repugnant.ceo,available,52,1%,9,Humanities,,,
lxxxv.ceo,available,52,1%,5,Mathematics,,,
lxxxi.ceo,available,52,1%,5,Mathematics,,,
ixl.ceo,available,52,9%,3,Mathematics,,,
ninetytwo.ceo,available,52,4%,10,Mathematics,,,
aboulic.ceo,available,52,1%,7,Medicine,,,
ninetyone.ceo,available,52,5%,10,Mathematics,,,
lxvi.ceo,available,52,3%,4,Mathematics,,,
lxxiv.ceo,available,52,1%,5,Mathematics,,,
xcvii.ceo,available,52,1%,5,Mathematics,,,
abysmal.ceo,available,52,4%,7,"Arts,Entertainment,Media",,,
lxi.ceo,available,52,5%,3,Mathematics,,,
abusive.ceo,available,52,3%,7,"Healthcare,Law",,,
lxxxvii.ceo,available,52,1%,7,Mathematics,,,
xcv.ceo,available,52,7%,3,Mathematics,,,
adenoidal.ceo,available,52,1%,9,"Health and Fitness,Medicine,Science",,,
sixtyfour.ceo,available,52,3%,10,Mathematics,,,
xcviii.ceo,available,52,1%,6,Mathematics,,,
decumbent.ceo,available,52,1%,9,"Healthcare,Medicine,Science",,,
sixtysix.ceo,available,52,4%,9,Mathematics,,,
sixtyfive.ceo,available,52,3%,10,Mathematics,,,
lxxiii.ceo,available,52,1%,6,Mathematics,,,
lxxxii.ceo,available,52,1%,6,Mathematics,,,
tierce.ceo,available,52,3%,6,General,,,
lxxi.ceo,available,52,1%,4,Mathematics,,,
ixc.ceo,available,52,5%,3,Mathematics,,,
abstruse.ceo,available,52,5%,8,"Humanities,Mathematics,Science",,,
xciv.ceo,available,52,2%,4,Mathematics,,,
xcvi.ceo,available,52,2%,4,Mathematics,,,
chagrined.ceo,available,52,1%,9,Humanities,,,
lxxv.ceo,available,52,1%,4,Mathematics,,,
ablated.ceo,available,52,1%,7,Science,,,
lxxxvi.ceo,available,52,1%,6,Mathematics,,,
detestable.ceo,available,52,1%,10,Humanities,,,
ninetysix.ceo,available,52,4%,10,Mathematics,,,
repulsive.ceo,available,52,1%,9,Humanities,,,
lxviii.ceo,available,52,1%,6,Mathematics,,,
lxvii.ceo,available,52,1%,5,Mathematics,,,
lxii.ceo,available,52,1%,4,Mathematics,,,
lxiii.ceo,available,52,2%,5,Mathematics,,,
acetous.ceo,available,50,1%,7,Science,,,
triplet.ceo,available,50,8%,7,Science,,,
acerose.ceo,available,50,1%,7,Science,,,
abactinal.ceo,available,50,0%,9,Science,,,
needlelike.ceo,available,50,0%,10,"Engineering,Medicine,Science",,,
abomasal.ceo,available,50,0%,8,Agriculture,,,
trine.ceo,available,50,11%,5,"General,Religion",,,
scummy.ceo,available,50,1%,6,Humanities,,,
ogdoad.ceo,available,50,1%,6,Mathematics,,,
aculeated.ceo,available,50,0%,9,"Engineering,Medicine,Science",,,
spinous.ceo,available,50,1%,7,"Agriculture,Science",,,
cinque.ceo,available,50,7%,6,Mathematics,,,
lxx.ceo,available,50,5%,3,Mathematics,,,
acapnic.ceo,available,50,0%,7,"Healthcare,Medicine,Science",,,
adactylous.ceo,available,50,0%,10,Science,,,
abbatial.ceo,available,50,0%,8,Religion,,,
acerb.ceo,available,50,2%,5,Science,,,
acapnotic.ceo,available,50,0%,9,"Healthcare,Medicine,Science",,,
gillless.ceo,available,50,0%,9,Science,,,
acquitted.ceo,available,50,1%,9,Law,,,
abducting.ceo,available,50,0%,9,Medicine,,,
vinegary.ceo,available,50,1%,8,Food and Beverage,,,
broached.ceo,available,50,0%,8,Food and Beverage,,,
acellular.ceo,available,50,1%,9,Science,,,
aborticide.ceo,available,50,0%,10,Medicine,,,
acaudal.ceo,available,50,1%,7,"Agriculture,Science",,,
quint.ceo,available,50,13%,5,"Arts,Entertainment",,,
adhominem.ceo,available,50,2%,10,"Humanities,Law,Politics",,,
abdicable.ceo,available,50,0%,9,Law,,,
acerbic.ceo,available,50,2%,7,"Arts,Humanities,Media",,,
abranchial.ceo,available,50,0%,10,Science,,,
acetose.ceo,available,50,1%,7,Science,,,
ilxxx.ceo,available,48,1%,5,Mathematics,,,
ilxx.ceo,available,48,1%,4,Mathematics,,,
execrable.ceo,available,48,0%,9,"Entertainment,Humanities",,,
abyssal.ceo,available,48,12%,7,"Arts,Entertainment,Media",,,
apriori.ceo,available,48,13%,8,Mathematics,,,
abstracted.ceo,available,48,5%,10,"Arts,Humanities,Science",,,
lxxxviii.ceo,available,48,1%,8,Mathematics,,,
notguilty.ceo,available,48,5%,10,Law,,,
acanthoid.ceo,available,46,1%,9,"Agriculture,Science",,,
achromous.ceo,available,46,1%,9,Science,,,
acanthous.ceo,available,46,0%,9,"Agriculture,Science",,,
acapnial.ceo,available,46,0%,8,"Healthcare,Medicine,Science",,,
quaternary.ceo,available,46,3%,10,Mathematics,,,
theabsurd.ceo,available,46,1%,10,"Arts,Entertainment,Media",,,
acheronian.ceo,available,46,1%,10,Humanities,,,
acetonic.ceo,available,46,1%,8,Science,,,
acaudate.ceo,available,46,1%,8,"Agriculture,Science",,,
stripling.ceo,available,46,2%,9,"Education,Entertainment,Healthcare",,,
acetylenic.ceo,available,46,1%,10,Science,,,
acicular.ceo,available,46,2%,8,Science,,,
acanthotic.ceo,available,46,0%,10,"Agriculture,Science",,,
achromic.ceo,available,46,2%,8,Science,,,
cotyloid.ceo,available,46,1%,8,Science,,,
acephalous.ceo,available,46,1%,10,Science,,,
acarpous.ceo,available,46,0%,8,"Agriculture,Science",,,
acetabular.ceo,available,46,1%,10,Science,,,
achenial.ceo,available,46,1%,8,Science,,,
acetylic.ceo,available,46,1%,8,Science,,,
acarpelous.ceo,available,46,0%,10,"Agriculture,Science",,,
vinegarish.ceo,available,46,1%,10,Food and Beverage,,,
stemless.ceo,available,46,2%,8,"Agriculture,Science",,,
acherontic.ceo,available,44,1%,10,Humanities,,,
cotyloidal.ceo,available,44,1%,10,Science,,,
accusatory.ceo,available,44,1%,10,Law,,,
phoebe.ceo,available,41,14%,6,Science,,,
abscessed.ceo,available,41,0%,9,Healthcare,,,
accurst.ceo,available,40,1%,7,Religion,,,
scurrilous.ceo,available,40,1%,10,"Entertainment,Media,Politics",,,
accusive.ceo,available,40,1%,8,Law,,,